{"Ki": 0.0, "T_error": 0.1869999999999976, "d_term": -0.7749999999999702, "i_term": 0.0, "time": 13320.0, "T_err_sum": 8.985000000002643, "Kd": -125.0, "l_on": false, "Temperature": 60.187, "pidVal": -0.9619999999999678, "T_set": 60.0, "Kp": -1.0, "dT_err": 0.006199999999999761, "p_term": -0.1869999999999976}