{"Temperature": 60.312, "d_term": -0.0, "T_error": 0.3119999999999976, "pidVal": -0.3119999999999976, "i_term": -0.0, "T_set": 60.0, "l_on": false, "time": 14640.0, "dT_err": 0.0, "p_term": -0.3119999999999976}