{"p_term": -0.0, "T_error": 0.0, "T_err_sum": -18205.480999999065, "time": 16970.0, "Temperature": 64.0, "pidVal": -0.6300000000000239, "Kp": -1.0, "d_term": -0.6300000000000239, "i_term": -0.0, "l_on": false, "dT_err": 0.006300000000000239, "T_set": 64.0, "Ki": 0.0, "Kd": -100.0}